AA,HW*,GES*,WW,HWvH,EW*,KD*,Guy,Janin,PM1D,PM3D,UHS,SD,MHS,STD,WWint,UHSint,SDint
C,-1.0,-2.0,-0.02,-0.13,-0.29,-2.5,-1.42,-0.9,-0.06,-0.15,0.01,0.15,0.01,0.02,-0.24,0.78,0.07
N,0.2,4.8,0.85,2.05,0.78,3.5,0.48,0.5,0.18,0.22,0.5,0.03,0.55,0.03,0.42,-0.04,0.01
Q,0.2,4.1,0.77,2.36,0.85,3.5,0.95,0.7,0.26,0.03,0.46,0.07,0.78,0.07,0.58,0.18,0.04
S,0.3,-0.6,0.46,0.84,0.18,0.8,0.52,0.1,0.05,0.16,0.06,0.04,0.18,0.39,0.13,0.06,0.04
T,-0.4,-1.2,0.25,0.52,0.05,0.7,0.07,0.2,0.02,-0.08,-0.01,0.01,-0.05,0.01,0.14,0.02,0.01
D,3.0,9.2,3.64,3.49,0.9,3.5,0.78,0.6,0.37,0.41,0.73,0.05,1.1,0.26,1.23,0.13,0.04
E,3.0,8.2,3.63,2.68,0.74,3.5,0.83,0.7,0.15,0.3,0.7,0.03,1.09,0.08,2.02,0.41,0.02
K,3.0,8.8,2.8,2.71,1.5,3.9,1.4,1.8,0.32,0.24,0.9,0.04,1.24,0.15,0.99,0.09,0.04
R,3.0,12.3,1.81,2.58,2.53,4.5,1.91,1.4,0.37,0.32,0.55,0.05,1.24,0.17,0.81,0.04,0.02
A,-0.5,-1.6,0.5,0.11,-0.62,-1.8,0.1,-0.3,-0.17,-0.15,-0.16,0.03,-0.24,0.01,0.17,0.02,0.02
G,0.0,-1.0,1.15,0.74,-0.48,0.4,0.33,-0.3,0.01,0.08,-0.2,0.03,-0.1,0.06,0.01,-0.25,0.02
I,-1.8,-3.1,-1.12,-0.6,-1.38,-4.5,-1.13,-0.7,-0.28,-0.29,-0.39,0.03,-0.43,0.01,-0.31,-0.06,0.03
L,-1.8,-2.8,-1.25,-0.55,-1.06,-3.8,-1.18,-0.5,-0.28,-0.36,-0.3,0.03,-0.48,0.07,-0.56,-0.08,0.03
M,-1.3,-3.4,-0.67,-0.1,-0.64,-1.9,-1.59,-0.4,-0.26,-0.19,-0.2,0.02,-0.17,0.09,-0.23,-0.12,0.06
P,0.0,0.2,0.14,2.23,-0.12,1.6,0.73,0.3,0.13,0.15,0.5,0.04,0.5,0.11,0.45,0.07,0.03
V,-1.5,-2.6,-0.46,-0.31,-1.08,-4.2,-1.27,-0.6,-0.17,-0.24,-0.25,0.02,-0.35,0.04,0.07,0.09,0.02
F,-2.5,-3.7,-1.71,-0.32,-1.19,-2.8,-2.12,-0.5,-0.41,-0.22,-0.46,0.04,-0.43,0.1,-1.13,-0.36,0.02
H,-0.5,3.0,2.33,2.06,0.4,3.2,-0.5,0.1,-0.02,0.06,0.38,0.05,0.64,0.47,0.96,-0.07,0.05
W,-3.4,-1.9,-2.09,0.3,-0.81,0.9,-0.51,-0.3,-0.15,-0.28,-0.03,0.03,-0.06,0.01,-1.85,-0.38,0.04
Y,-2.3,0.7,-0.71,0.68,-0.26,1.3,-0.21,0.4,-0.09,-0.03,-0.12,0.04,0.23,0.17,-0.94,0.01,0.02
